{
    "data": {
        "lookups": [
            "keywords",
            "free-text"
        ],
        "name": "continent",
        "lang": "en",
        "id": "continent",
        "doc": "User-defined entity",
        "builtin": false,
        "values": [
            {
                "value": "australasia",
                "expressions": [
                    "australasia"
                ]
            },
            {
                "value": "antartica",
                "expressions": [
                    "antartica"
                ]
            },
            {
                "value": "south america",
                "expressions": [
                    "south america"
                ]
            },
            {
                "value": "north america",
                "expressions": [
                    "north america"
                ]
            },
            {
                "value": "europe",
                "expressions": [
                    "europe",
                    "Europe"
                ]
            },
            {
                "value": "asia",
                "expressions": [
                    "asia"
                ]
            },
            {
                "value": "africa",
                "expressions": [
                    "africa"
                ]
            }
        ]
    }
}
