{
    "data": {
        "lookups": [
            "keywords",
            "free-text"
        ],
        "name": "country",
        "lang": "en",
        "id": "country",
        "doc": "User-defined entity",
        "builtin": false,
        "values": [
            {
                "value": "London",
                "expressions": [
                    "London"
                ]
            },
            {
                "value": "country",
                "expressions": [
                    "country"
                ]
            },
            {
                "value": "germany",
                "expressions": [
                    "germany"
                ]
            },
            {
                "value": "italy",
                "expressions": [
                    "italy",
                    "Italy"
                ]
            },
            {
                "value": "\u00c2land islands",
                "expressions": [
                    "\u00c2land islands"
                ]
            },
            {
                "value": "wales",
                "expressions": [
                    "wales"
                ]
            },
            {
                "value": "us virgin islands",
                "expressions": [
                    "us virgin islands"
                ]
            },
            {
                "value": "united states minor outlying islands",
                "expressions": [
                    "united states minor outlying islands"
                ]
            },
            {
                "value": "united kingdom",
                "expressions": [
                    "united kingdom"
                ]
            },
            {
                "value": "uganda",
                "expressions": [
                    "uganda"
                ]
            },
            {
                "value": "turks and caicos islands",
                "expressions": [
                    "turks and caicos islands"
                ]
            },
            {
                "value": "trinidad and tobago",
                "expressions": [
                    "trinidad and tobago"
                ]
            },
            {
                "value": "solomon islands",
                "expressions": [
                    "solomon islands"
                ]
            },
            {
                "value": "scotland",
                "expressions": [
                    "scotland",
                    "Scotland"
                ]
            },
            {
                "value": "sark",
                "expressions": [
                    "sark"
                ]
            },
            {
                "value": "saint vincent and the grenadines",
                "expressions": [
                    "saint vincent and the grenadines"
                ]
            },
            {
                "value": "saint martin france",
                "expressions": [
                    "saint martin france"
                ]
            },
            {
                "value": "saint lucia",
                "expressions": [
                    "saint lucia"
                ]
            },
            {
                "value": "saint kitts and nevis",
                "expressions": [
                    "saint kitts and nevis"
                ]
            },
            {
                "value": "saint barth\u00e9lemy",
                "expressions": [
                    "saint barth\u00e9lemy"
                ]
            },
            {
                "value": "puertu rico",
                "expressions": [
                    "puertu rico"
                ]
            },
            {
                "value": "turkey",
                "expressions": [
                    "turkey"
                ]
            },
            {
                "value": "poland",
                "expressions": [
                    "poland"
                ]
            },
            {
                "value": "northern mariana islands",
                "expressions": [
                    "northern mariana islands"
                ]
            },
            {
                "value": "northern ireland",
                "expressions": [
                    "northern ireland"
                ]
            },
            {
                "value": "new zealand",
                "expressions": [
                    "new zealand"
                ]
            },
            {
                "value": "netherlands antilles",
                "expressions": [
                    "netherlands antilles"
                ]
            },
            {
                "value": "montserrat",
                "expressions": [
                    "montserrat"
                ]
            },
            {
                "value": "martinique",
                "expressions": [
                    "martinique"
                ]
            },
            {
                "value": "marshall islands",
                "expressions": [
                    "marshall islands"
                ]
            },
            {
                "value": "jersey",
                "expressions": [
                    "jersey"
                ]
            },
            {
                "value": "jamaica",
                "expressions": [
                    "jamaica"
                ]
            },
            {
                "value": "isle of man",
                "expressions": [
                    "isle of man"
                ]
            },
            {
                "value": "haiti",
                "expressions": [
                    "haiti"
                ]
            },
            {
                "value": "guernsey",
                "expressions": [
                    "guernsey"
                ]
            },
            {
                "value": "guadeloupe",
                "expressions": [
                    "guadeloupe"
                ]
            },
            {
                "value": "grenada",
                "expressions": [
                    "grenada"
                ]
            },
            {
                "value": "greenland",
                "expressions": [
                    "greenland"
                ]
            },
            {
                "value": "faroe",
                "expressions": [
                    "faroe"
                ]
            },
            {
                "value": "england",
                "expressions": [
                    "england"
                ]
            },
            {
                "value": "dominican republic",
                "expressions": [
                    "dominican republic"
                ]
            },
            {
                "value": "dominica",
                "expressions": [
                    "dominica"
                ]
            },
            {
                "value": "cuba",
                "expressions": [
                    "cuba"
                ]
            },
            {
                "value": "cook islands",
                "expressions": [
                    "cook islands"
                ]
            },
            {
                "value": "columbia",
                "expressions": [
                    "columbia"
                ]
            },
            {
                "value": "barbados",
                "expressions": [
                    "barbados"
                ]
            },
            {
                "value": "bahrain",
                "expressions": [
                    "bahrain"
                ]
            },
            {
                "value": "bahamas",
                "expressions": [
                    "bahamas"
                ]
            },
            {
                "value": "australia",
                "expressions": [
                    "australia"
                ]
            },
            {
                "value": "aruba",
                "expressions": [
                    "aruba"
                ]
            },
            {
                "value": "antigua and barbuda",
                "expressions": [
                    "antigua and barbuda"
                ]
            },
            {
                "value": "anguilla",
                "expressions": [
                    "anguilla"
                ]
            },
            {
                "value": "morocco",
                "expressions": [
                    "morocco"
                ]
            },
            {
                "value": "alderney",
                "expressions": [
                    "alderney"
                ]
            },
            {
                "value": "albania",
                "expressions": [
                    "albania"
                ]
            },
            {
                "value": "afghanistan",
                "expressions": [
                    "afghanistan"
                ]
            },
            {
                "value": "Puerto rico",
                "expressions": [
                    "Puerto rico",
                    "puerto rico",
                    "uerto rico"
                ]
            }
        ]
    }
}
