{
    "data": {
        "lookups": [
            "keywords",
            "free-text"
        ],
        "name": "Group_islands",
        "lang": "en",
        "id": "Group_islands",
        "doc": "User-defined entity",
        "builtin": false,
        "values": [
            {
                "value": "Bahamas Archipelago",
                "expressions": [
                    "Bahamas Archipelago",
                    "Bahamas Archipilago",
                    "bahamas archipelago"
                ]
            }
        ]
    }
}
