{
    "data": {
        "lookups": [
            "keywords",
            "free-text"
        ],
        "name": "Hill",
        "lang": "en",
        "id": "Hill",
        "doc": "User-defined entity",
        "builtin": false,
        "values": [
            {
                "value": "buster hill",
                "expressions": [
                    "buster hill"
                ]
            },
            {
                "value": "harting_hill",
                "expressions": [
                    "harting_hill"
                ]
            },
            {
                "value": "harting hill",
                "expressions": [
                    "harting hill"
                ]
            },
            {
                "value": "butser hill",
                "expressions": [
                    "butser hill"
                ]
            }
        ]
    }
}
