{
    "data": {
        "lookups": [
            "trait"
        ],
        "name": "intent",
        "lang": "en",
        "id": "intent",
        "doc": "User-defined entity",
        "builtin": false,
        "values": [
            {
                "value": "asking_for_hills",
                "expressions": []
            },
            {
                "value": "guide",
                "expressions": []
            },
            {
                "value": "home",
                "expressions": []
            },
            {
                "value": "asking_for_capital",
                "expressions": []
            },
            {
                "value": "nb_of_countries_with_islands",
                "expressions": []
            },
            {
                "value": "asking_for_countries_with_islands",
                "expressions": []
            },
            {
                "value": "nb_islands_continent_not_country",
                "expressions": []
            },
            {
                "value": "asking_for_mountain",
                "expressions": []
            },
            {
                "value": "asking_for_countries_with_mountains",
                "expressions": []
            },
            {
                "value": "asking_for_mountain_range",
                "expressions": []
            },
            {
                "value": "asking_ocean_sea",
                "expressions": []
            },
            {
                "value": "asking_land_boundaries_of_country",
                "expressions": []
            },
            {
                "value": "developper_mode",
                "expressions": []
            },
            {
                "value": "asking_for_cities",
                "expressions": []
            },
            {
                "value": "asking_for_oceans",
                "expressions": []
            },
            {
                "value": "asking_for_seas",
                "expressions": []
            },
            {
                "value": "asking_if_country_has_coastline",
                "expressions": []
            },
            {
                "value": "asking_countries_coastline",
                "expressions": []
            },
            {
                "value": "asking_countries_head_state",
                "expressions": []
            },
            {
                "value": "asking_for_continent",
                "expressions": []
            },
            {
                "value": "asking_for_group_islands",
                "expressions": []
            },
            {
                "value": "asking_for_location",
                "expressions": []
            },
            {
                "value": "asking_for_countries",
                "expressions": []
            },
            {
                "value": "asking_for_islands",
                "expressions": []
            },
            {
                "value": "saying_goodbye",
                "expressions": []
            },
            {
                "value": "how_are_you",
                "expressions": []
            },
            {
                "value": "what_up",
                "expressions": []
            },
            {
                "value": "saying_hello",
                "expressions": []
            }
        ]
    }
}
