{
    "data": {
        "lookups": [
            "keywords",
            "free-text"
        ],
        "name": "Island",
        "lang": "en",
        "id": "Island",
        "doc": "User-defined entity",
        "builtin": false,
        "values": [
            {
                "value": "alcarraza",
                "expressions": [
                    "alcarraza"
                ]
            },
            {
                "value": "ailsa craig",
                "expressions": [
                    "ailsa craig"
                ]
            },
            {
                "value": "AfricaEurAsia",
                "expressions": [
                    "AfricaEurAsia"
                ]
            },
            {
                "value": "adderley cay",
                "expressions": [
                    "adderley cay"
                ]
            },
            {
                "value": "acklins island",
                "expressions": [
                    "acklins island"
                ]
            },
            {
                "value": "asencion island",
                "expressions": [
                    "asencion island"
                ]
            },
            {
                "value": "abner cay",
                "expressions": [
                    "abner cay"
                ]
            },
            {
                "value": "abaco island",
                "expressions": [
                    "abaco island"
                ]
            },
            {
                "value": "alder cay",
                "expressions": [
                    "alder cay"
                ]
            }
        ]
    }
}
