{
    "data": {
        "lookups": [
            "keywords",
            "free-text"
        ],
        "name": "mountain",
        "lang": "en",
        "id": "mountain",
        "doc": "User-defined entity",
        "builtin": false,
        "values": [
            {
                "value": "himalayas",
                "expressions": [
                    "himalayas"
                ]
            },
            {
                "value": "wild boar fell",
                "expressions": [
                    "wild boar fell"
                ]
            },
            {
                "value": "whernside",
                "expressions": [
                    "whernside"
                ]
            },
            {
                "value": "snowdon",
                "expressions": [
                    "snowdon"
                ]
            },
            {
                "value": "scarfel pike",
                "expressions": [
                    "scarfel pike"
                ]
            },
            {
                "value": "pen y ghent",
                "expressions": [
                    "pen y ghent"
                ]
            },
            {
                "value": "mont blanc",
                "expressions": [
                    "mont blanc"
                ]
            },
            {
                "value": "mickle fell",
                "expressions": [
                    "mickle fell"
                ]
            },
            {
                "value": "kinder scout",
                "expressions": [
                    "kinder scout"
                ]
            },
            {
                "value": "ingleborough",
                "expressions": [
                    "ingleborough"
                ]
            },
            {
                "value": "high seat",
                "expressions": [
                    "high seat"
                ]
            },
            {
                "value": "helvelyn",
                "expressions": [
                    "helvelyn"
                ]
            },
            {
                "value": "everest",
                "expressions": [
                    "everest"
                ]
            },
            {
                "value": "cross fell",
                "expressions": [
                    "cross fell"
                ]
            },
            {
                "value": "corno grande",
                "expressions": [
                    "corno grande"
                ]
            },
            {
                "value": "cairngorm",
                "expressions": [
                    "cairngorm"
                ]
            },
            {
                "value": "ben nevis",
                "expressions": [
                    "ben nevis"
                ]
            },
            {
                "value": "the alps",
                "expressions": [
                    "the alps"
                ]
            }
        ]
    }
}
