{
    "data": {
        "lookups": [
            "keywords",
            "free-text"
        ],
        "name": "sea",
        "lang": "en",
        "id": "sea",
        "doc": "User-defined entity",
        "builtin": false,
        "values": [
            {
                "value": "north sea",
                "expressions": [
                    "north sea"
                ]
            },
            {
                "value": "mediterranean sea",
                "expressions": [
                    "mediterranean sea",
                    "Mediterranean Sea",
                    "Mediterranean sea"
                ]
            },
            {
                "value": "ArticOceanSea",
                "expressions": [
                    "ArticOceanSea"
                ]
            },
            {
                "value": "english channel",
                "expressions": [
                    "english channel"
                ]
            },
            {
                "value": "denmark strait",
                "expressions": [
                    "denmark strait"
                ]
            },
            {
                "value": "davis strait",
                "expressions": [
                    "davis strait"
                ]
            },
            {
                "value": "cold bay",
                "expressions": [
                    "cold bay"
                ]
            },
            {
                "value": "central baltic sea",
                "expressions": [
                    "central baltic sea"
                ]
            },
            {
                "value": "cambridge bay",
                "expressions": [
                    "cambridge bay"
                ]
            },
            {
                "value": "bristol channel",
                "expressions": [
                    "bristol channel"
                ]
            },
            {
                "value": "beaufort sea",
                "expressions": [
                    "beaufort sea"
                ]
            },
            {
                "value": "bay of fundy",
                "expressions": [
                    "bay of fundy"
                ]
            },
            {
                "value": "bay of campeche",
                "expressions": [
                    "bay of campeche"
                ]
            },
            {
                "value": "bay of bothnia",
                "expressions": [
                    "bay of bothnia"
                ]
            },
            {
                "value": "bay of biscay",
                "expressions": [
                    "bay of biscay"
                ]
            },
            {
                "value": "bay of bengal",
                "expressions": [
                    "bay of bengal"
                ]
            },
            {
                "value": "balearic sea",
                "expressions": [
                    "balearic sea"
                ]
            },
            {
                "value": "argentine sea",
                "expressions": [
                    "argentine sea"
                ]
            },
            {
                "value": "bass strait",
                "expressions": [
                    "bass strait"
                ]
            },
            {
                "value": "baffin bay",
                "expressions": [
                    "baffin bay"
                ]
            },
            {
                "value": "arafura sea",
                "expressions": [
                    "arafura sea"
                ]
            },
            {
                "value": "arabian sea",
                "expressions": [
                    "arabian sea"
                ]
            },
            {
                "value": "andaman sea",
                "expressions": [
                    "andaman sea"
                ]
            },
            {
                "value": "amundsen sea",
                "expressions": [
                    "amundsen sea"
                ]
            },
            {
                "value": "amundsen gulf",
                "expressions": [
                    "amundsen gulf"
                ]
            },
            {
                "value": "alboran sea",
                "expressions": [
                    "alboran sea"
                ]
            },
            {
                "value": "aegean sea",
                "expressions": [
                    "aegean sea"
                ]
            },
            {
                "value": "adriatic sea",
                "expressions": [
                    "adriatic sea"
                ]
            },
            {
                "value": "caribbean sea",
                "expressions": [
                    "caribbean sea"
                ]
            }
        ]
    }
}
